,Sample,n.cells,has.HA,has.NA,has.M,has.NS,has.all,pred.has.all
1,6hr,6,1,1,1,1,1,1
2,8hr,38,0.868421052631579,0.921052631578947,0.921052631578947,0.868421052631579,0.631578947368421,0.639778412535202
3,8hr-2,43,0.837209302325581,0.883720930232558,0.953488372093023,0.953488372093023,0.651162790697674,0.67263581588984
4,10hr,81,0.888888888888889,0.839506172839506,0.925925925925926,0.91358024691358,0.716049382716049,0.631239717422379
